--
-- PostgreSQL database dump
--

-- Dumped from database version 17.5 (Debian 17.5-1.pgdg120+1)
-- Dumped by pg_dump version 17.4

-- Started on 2025-05-27 20:51:13 UTC

SET statement_timeout = 0;
SET lock_timeout = 0;
SET idle_in_transaction_session_timeout = 0;
SET transaction_timeout = 0;
SET client_encoding = 'UTF8';
SET standard_conforming_strings = on;
SELECT pg_catalog.set_config('search_path', '', false);
SET check_function_bodies = false;
SET xmloption = content;
SET client_min_messages = warning;
SET row_security = off;

--
-- TOC entry 869 (class 1247 OID 16582)
-- Name: VehicleStatus; Type: TYPE; Schema: public; Owner: db_admin
--

CREATE TYPE public."VehicleStatus" AS ENUM (
    'DISMANTLED',
    'RECEIVED_FOR_DISMANTLING'
);


ALTER TYPE public."VehicleStatus" OWNER TO db_admin;

SET default_tablespace = '';

SET default_table_access_method = heap;

--
-- TOC entry 231 (class 1259 OID 16675)
-- Name: DismantlingCertificate; Type: TABLE; Schema: public; Owner: db_admin
--

CREATE TABLE public."DismantlingCertificate" (
    id integer NOT NULL,
    "certificateNumber" integer NOT NULL,
    "fileLink" text NOT NULL,
    "vehicleId" integer NOT NULL,
    "generatedAt" timestamp(3) without time zone DEFAULT CURRENT_TIMESTAMP NOT NULL
);


ALTER TABLE public."DismantlingCertificate" OWNER TO db_admin;

--
-- TOC entry 230 (class 1259 OID 16674)
-- Name: DismantlingCertificate_id_seq; Type: SEQUENCE; Schema: public; Owner: db_admin
--

CREATE SEQUENCE public."DismantlingCertificate_id_seq"
    AS integer
    START WITH 1
    INCREMENT BY 1
    NO MINVALUE
    NO MAXVALUE
    CACHE 1;


ALTER SEQUENCE public."DismantlingCertificate_id_seq" OWNER TO db_admin;

--
-- TOC entry 3481 (class 0 OID 0)
-- Dependencies: 230
-- Name: DismantlingCertificate_id_seq; Type: SEQUENCE OWNED BY; Schema: public; Owner: db_admin
--

ALTER SEQUENCE public."DismantlingCertificate_id_seq" OWNED BY public."DismantlingCertificate".id;


--
-- TOC entry 223 (class 1259 OID 16597)
-- Name: Owner; Type: TABLE; Schema: public; Owner: db_admin
--

CREATE TABLE public."Owner" (
    id integer NOT NULL,
    name text NOT NULL,
    address text NOT NULL,
    pesel text NOT NULL,
    surname text NOT NULL,
    id_number text NOT NULL
);


ALTER TABLE public."Owner" OWNER TO db_admin;

--
-- TOC entry 222 (class 1259 OID 16596)
-- Name: Owner_id_seq; Type: SEQUENCE; Schema: public; Owner: db_admin
--

CREATE SEQUENCE public."Owner_id_seq"
    AS integer
    START WITH 1
    INCREMENT BY 1
    NO MINVALUE
    NO MAXVALUE
    CACHE 1;


ALTER SEQUENCE public."Owner_id_seq" OWNER TO db_admin;

--
-- TOC entry 3482 (class 0 OID 0)
-- Dependencies: 222
-- Name: Owner_id_seq; Type: SEQUENCE OWNED BY; Schema: public; Owner: db_admin
--

ALTER SEQUENCE public."Owner_id_seq" OWNED BY public."Owner".id;


--
-- TOC entry 229 (class 1259 OID 16627)
-- Name: StorageLocation; Type: TABLE; Schema: public; Owner: db_admin
--

CREATE TABLE public."StorageLocation" (
    id integer NOT NULL,
    "locationNr" text NOT NULL,
    "currentMass" double precision NOT NULL,
    "wasteTypeId" integer NOT NULL
);


ALTER TABLE public."StorageLocation" OWNER TO db_admin;

--
-- TOC entry 228 (class 1259 OID 16626)
-- Name: StorageLocation_id_seq; Type: SEQUENCE; Schema: public; Owner: db_admin
--

CREATE SEQUENCE public."StorageLocation_id_seq"
    AS integer
    START WITH 1
    INCREMENT BY 1
    NO MINVALUE
    NO MAXVALUE
    CACHE 1;


ALTER SEQUENCE public."StorageLocation_id_seq" OWNER TO db_admin;

--
-- TOC entry 3483 (class 0 OID 0)
-- Dependencies: 228
-- Name: StorageLocation_id_seq; Type: SEQUENCE OWNED BY; Schema: public; Owner: db_admin
--

ALTER SEQUENCE public."StorageLocation_id_seq" OWNED BY public."StorageLocation".id;


--
-- TOC entry 219 (class 1259 OID 16570)
-- Name: User; Type: TABLE; Schema: public; Owner: db_admin
--

CREATE TABLE public."User" (
    id integer NOT NULL,
    "createdAt" timestamp(3) without time zone DEFAULT CURRENT_TIMESTAMP NOT NULL,
    "updatedAt" timestamp(3) without time zone NOT NULL,
    email text NOT NULL,
    "hashedPassword" text NOT NULL,
    "isAdmin" boolean DEFAULT false NOT NULL
);


ALTER TABLE public."User" OWNER TO db_admin;

--
-- TOC entry 218 (class 1259 OID 16569)
-- Name: User_id_seq; Type: SEQUENCE; Schema: public; Owner: db_admin
--

CREATE SEQUENCE public."User_id_seq"
    AS integer
    START WITH 1
    INCREMENT BY 1
    NO MINVALUE
    NO MAXVALUE
    CACHE 1;


ALTER SEQUENCE public."User_id_seq" OWNER TO db_admin;

--
-- TOC entry 3484 (class 0 OID 0)
-- Dependencies: 218
-- Name: User_id_seq; Type: SEQUENCE OWNED BY; Schema: public; Owner: db_admin
--

ALTER SEQUENCE public."User_id_seq" OWNED BY public."User".id;


--
-- TOC entry 221 (class 1259 OID 16588)
-- Name: Vehicle; Type: TABLE; Schema: public; Owner: db_admin
--

CREATE TABLE public."Vehicle" (
    id integer NOT NULL,
    vin text NOT NULL,
    status public."VehicleStatus" DEFAULT 'RECEIVED_FOR_DISMANTLING'::public."VehicleStatus" NOT NULL,
    "receivedAt" timestamp(3) without time zone DEFAULT CURRENT_TIMESTAMP NOT NULL,
    "dismantledAt" timestamp(3) without time zone,
    brand text NOT NULL,
    model text NOT NULL,
    registration_certificate_number text NOT NULL,
    registration_number text NOT NULL,
    weight double precision NOT NULL,
    year_of_production integer NOT NULL,
    price double precision NOT NULL
);


ALTER TABLE public."Vehicle" OWNER TO db_admin;

--
-- TOC entry 220 (class 1259 OID 16587)
-- Name: Vehicle_id_seq; Type: SEQUENCE; Schema: public; Owner: db_admin
--

CREATE SEQUENCE public."Vehicle_id_seq"
    AS integer
    START WITH 1
    INCREMENT BY 1
    NO MINVALUE
    NO MAXVALUE
    CACHE 1;


ALTER SEQUENCE public."Vehicle_id_seq" OWNER TO db_admin;

--
-- TOC entry 3485 (class 0 OID 0)
-- Dependencies: 220
-- Name: Vehicle_id_seq; Type: SEQUENCE OWNED BY; Schema: public; Owner: db_admin
--

ALTER SEQUENCE public."Vehicle_id_seq" OWNED BY public."Vehicle".id;


--
-- TOC entry 225 (class 1259 OID 16611)
-- Name: WasteEntry; Type: TABLE; Schema: public; Owner: db_admin
--

CREATE TABLE public."WasteEntry" (
    id integer NOT NULL,
    "vehicleId" integer NOT NULL,
    "wasteTypeId" integer NOT NULL,
    weight double precision NOT NULL,
    "createdAt" timestamp(3) without time zone DEFAULT CURRENT_TIMESTAMP NOT NULL,
    "storageLocationId" integer NOT NULL
);


ALTER TABLE public."WasteEntry" OWNER TO db_admin;

--
-- TOC entry 224 (class 1259 OID 16610)
-- Name: WasteEntry_id_seq; Type: SEQUENCE; Schema: public; Owner: db_admin
--

CREATE SEQUENCE public."WasteEntry_id_seq"
    AS integer
    START WITH 1
    INCREMENT BY 1
    NO MINVALUE
    NO MAXVALUE
    CACHE 1;


ALTER SEQUENCE public."WasteEntry_id_seq" OWNER TO db_admin;

--
-- TOC entry 3486 (class 0 OID 0)
-- Dependencies: 224
-- Name: WasteEntry_id_seq; Type: SEQUENCE OWNED BY; Schema: public; Owner: db_admin
--

ALTER SEQUENCE public."WasteEntry_id_seq" OWNED BY public."WasteEntry".id;


--
-- TOC entry 234 (class 1259 OID 16720)
-- Name: WasteTransaction; Type: TABLE; Schema: public; Owner: db_admin
--

CREATE TABLE public."WasteTransaction" (
    id integer NOT NULL,
    weight double precision NOT NULL,
    "transactionDate" timestamp(3) without time zone DEFAULT CURRENT_TIMESTAMP NOT NULL,
    "wasteTypeId" integer NOT NULL,
    "storageLocationId" integer NOT NULL,
    "totalPrice" double precision NOT NULL
);


ALTER TABLE public."WasteTransaction" OWNER TO db_admin;

--
-- TOC entry 233 (class 1259 OID 16719)
-- Name: WasteTransaction_id_seq; Type: SEQUENCE; Schema: public; Owner: db_admin
--

CREATE SEQUENCE public."WasteTransaction_id_seq"
    AS integer
    START WITH 1
    INCREMENT BY 1
    NO MINVALUE
    NO MAXVALUE
    CACHE 1;


ALTER SEQUENCE public."WasteTransaction_id_seq" OWNER TO db_admin;

--
-- TOC entry 3487 (class 0 OID 0)
-- Dependencies: 233
-- Name: WasteTransaction_id_seq; Type: SEQUENCE OWNED BY; Schema: public; Owner: db_admin
--

ALTER SEQUENCE public."WasteTransaction_id_seq" OWNED BY public."WasteTransaction".id;


--
-- TOC entry 227 (class 1259 OID 16618)
-- Name: WasteType; Type: TABLE; Schema: public; Owner: db_admin
--

CREATE TABLE public."WasteType" (
    id integer NOT NULL,
    name text NOT NULL,
    "pricePerKg" double precision NOT NULL
);


ALTER TABLE public."WasteType" OWNER TO db_admin;

--
-- TOC entry 226 (class 1259 OID 16617)
-- Name: WasteType_id_seq; Type: SEQUENCE; Schema: public; Owner: db_admin
--

CREATE SEQUENCE public."WasteType_id_seq"
    AS integer
    START WITH 1
    INCREMENT BY 1
    NO MINVALUE
    NO MAXVALUE
    CACHE 1;


ALTER SEQUENCE public."WasteType_id_seq" OWNER TO db_admin;

--
-- TOC entry 3488 (class 0 OID 0)
-- Dependencies: 226
-- Name: WasteType_id_seq; Type: SEQUENCE OWNED BY; Schema: public; Owner: db_admin
--

ALTER SEQUENCE public."WasteType_id_seq" OWNED BY public."WasteType".id;


--
-- TOC entry 232 (class 1259 OID 16683)
-- Name: _OwnerToVehicle; Type: TABLE; Schema: public; Owner: db_admin
--

CREATE TABLE public."_OwnerToVehicle" (
    "A" integer NOT NULL,
    "B" integer NOT NULL
);


ALTER TABLE public."_OwnerToVehicle" OWNER TO db_admin;

--
-- TOC entry 217 (class 1259 OID 16560)
-- Name: _prisma_migrations; Type: TABLE; Schema: public; Owner: db_admin
--

CREATE TABLE public._prisma_migrations (
    id character varying(36) NOT NULL,
    checksum character varying(64) NOT NULL,
    finished_at timestamp with time zone,
    migration_name character varying(255) NOT NULL,
    logs text,
    rolled_back_at timestamp with time zone,
    started_at timestamp with time zone DEFAULT now() NOT NULL,
    applied_steps_count integer DEFAULT 0 NOT NULL
);


ALTER TABLE public._prisma_migrations OWNER TO db_admin;

--
-- TOC entry 3269 (class 2604 OID 16678)
-- Name: DismantlingCertificate id; Type: DEFAULT; Schema: public; Owner: db_admin
--

ALTER TABLE ONLY public."DismantlingCertificate" ALTER COLUMN id SET DEFAULT nextval('public."DismantlingCertificate_id_seq"'::regclass);


--
-- TOC entry 3264 (class 2604 OID 16600)
-- Name: Owner id; Type: DEFAULT; Schema: public; Owner: db_admin
--

ALTER TABLE ONLY public."Owner" ALTER COLUMN id SET DEFAULT nextval('public."Owner_id_seq"'::regclass);


--
-- TOC entry 3268 (class 2604 OID 16630)
-- Name: StorageLocation id; Type: DEFAULT; Schema: public; Owner: db_admin
--

ALTER TABLE ONLY public."StorageLocation" ALTER COLUMN id SET DEFAULT nextval('public."StorageLocation_id_seq"'::regclass);


--
-- TOC entry 3258 (class 2604 OID 16573)
-- Name: User id; Type: DEFAULT; Schema: public; Owner: db_admin
--

ALTER TABLE ONLY public."User" ALTER COLUMN id SET DEFAULT nextval('public."User_id_seq"'::regclass);


--
-- TOC entry 3261 (class 2604 OID 16591)
-- Name: Vehicle id; Type: DEFAULT; Schema: public; Owner: db_admin
--

ALTER TABLE ONLY public."Vehicle" ALTER COLUMN id SET DEFAULT nextval('public."Vehicle_id_seq"'::regclass);


--
-- TOC entry 3265 (class 2604 OID 16614)
-- Name: WasteEntry id; Type: DEFAULT; Schema: public; Owner: db_admin
--

ALTER TABLE ONLY public."WasteEntry" ALTER COLUMN id SET DEFAULT nextval('public."WasteEntry_id_seq"'::regclass);


--
-- TOC entry 3271 (class 2604 OID 16723)
-- Name: WasteTransaction id; Type: DEFAULT; Schema: public; Owner: db_admin
--

ALTER TABLE ONLY public."WasteTransaction" ALTER COLUMN id SET DEFAULT nextval('public."WasteTransaction_id_seq"'::regclass);


--
-- TOC entry 3267 (class 2604 OID 16621)
-- Name: WasteType id; Type: DEFAULT; Schema: public; Owner: db_admin
--

ALTER TABLE ONLY public."WasteType" ALTER COLUMN id SET DEFAULT nextval('public."WasteType_id_seq"'::regclass);


--
-- TOC entry 3472 (class 0 OID 16675)
-- Dependencies: 231
-- Data for Name: DismantlingCertificate; Type: TABLE DATA; Schema: public; Owner: db_admin
--

COPY public."DismantlingCertificate" (id, "certificateNumber", "fileLink", "vehicleId", "generatedAt") FROM stdin;
\.


--
-- TOC entry 3464 (class 0 OID 16597)
-- Dependencies: 223
-- Data for Name: Owner; Type: TABLE DATA; Schema: public; Owner: db_admin
--

COPY public."Owner" (id, name, address, pesel, surname, id_number) FROM stdin;
14	Aniela	ulica Lotnicza 06/57, 43-298 Oława	57090513363	Szumna	KJH019501
15	Kalina	ul. Traugutta 34/15, 15-414 Starogard Gdański	16051313187	Waleczek	EKI367849
16	Andrzej	al. Diamentowa 913, 56-005 Zduńska Wola	43123015403	Białach	TXU973029
17	Aniela	ulica Wiosenna 53/55, 97-647 Kołobrzeg	24062387620	Olma	RIE057360
18	Norbert	pl. Sucharskiego 493, 09-529 Racibórz	06230550131	Mazan	HFI445341
19	Adrian	ul. Piękna 26, 87-326 Kraków	10301521344	Gryga	XCZ602968
20	Tobiasz	pl. Nałkowskiej 63, 03-213 Olkusz	47021633093	Kidawa	GNR063779
21	Ada	plac Leśna 41/60, 22-948 Puławy	12050760180	Piekart	ZTA718149
22	Grzegorz	aleja Osiedlowa 70/49, 80-057 Legionowo	10290801858	Stosio	MZB223089
23	Adam	al. Kaliska 252, 04-520 Kętrzyn	16042966833	Szałkiewicz	QLS838780
24	Ewa	ul. Żwirki i Wigury 41/14, 64-017 Koło	86011425423	Teper	PGF385900
25	Wojciech	aleja Mickiewicza 05/83, 20-648 Żywiec	16012025377	Niewiara	QOA145477
26	Sebastian	ulica Śląska 39, 16-720 Katowice	10240325100	Pizoń	SEB875893
27	Liwia	ulica Bałtycka 84/24, 27-372 Piła	08310113559	Smoter	VAL546722
28	Igor	plac Korczaka 48, 36-603 Legnica	18242783252	Małas	JMX629739
29	Igor	pl. Topolowa 53/60, 63-444 Otwock	74052560199	Bzymek	CGO036139
30	Tobiasz	ulica Turkusowa 24/09, 23-350 Katowice	41110407033	Macheta	MAE237151
31	Marek	ulica Wilcza 98, 50-797 Szczecin	69051806294	Ważna	VUQ082475
32	Marek	ulica Ogrodowa 50, 54-289 Kwidzyn	62111317989	Staś	DQI934165
33	Dawid	ulica Jesionowa 553, 73-845 Toruń	11012247633	Łyp	LIU869239
34	Monika	ul. Północna 79, 89-524 Świdnik	74032791924	Matraszek	KXR720998
35	Karol	ul. Klasztorna 42/51, 83-726 Żagań	58080583063	Melka	TSE666207
36	Tobiasz	plac Zapolskiej 137, 05-113 Gniezno	76081336855	Sakwa	RZC531095
37	Sara	ul. Jaśminowa 915, 21-143 Giżycko	52090817608	Laszkiewicz	IUR264621
38	Sonia	aleja Mieszka I 75, 87-551 Wodzisław Śląski	03310449383	Bojarczuk	GLX879194
39	Eliza	al. Południowa 287, 62-415 Racibórz	51072143245	Sass	KHE894705
40	Bartek	al. Waryńskiego 592, 03-083 Tarnowskie Góry	87121752643	Kusio	MGY383856
41	Marcelina	ulica Niecała 16, 14-567 Ostróda	14020256141	Szyca	DXQ313000
42	Juliusz	pl. Jadwigi 08/28, 31-476 Piekary Śląskie	24120620191	Pryk	TTV408230
43	Jakub	ulica Powstańców Wielkopolskich 328, 85-930 Olsztyn	06221492983	Szkopek	MXW492762
44	Damian	al. Słowianska 79/73, 30-995 Będzin	49101534078	Pacura	CAU417071
45	Adam	pl. Wiklinowa 68, 05-123 Ostrów Wielkopolski	57012781755	Drążyk	OSG667198
46	Marika	ulica Cicha 52/28, 31-628 Tarnów	75052493252	Opoka	ESF771178
47	Nela	ulica Słowackiego 213, 68-569 Koło	57121159450	Gul	NDF984232
48	Fabian	al. Floriana 87, 09-087 Świdnica	09090764225	Smolorz	ZMY136075
49	Patryk	plac Pomorska 547, 12-972 Ełk	09293036697	Makles	GBV006864
50	Wiktor	plac Kolejowa 67, 01-421 Wejherowo	37121607139	Szuta	ELI591298
51	Albert	aleja Konstytucji 3 Maja 98/31, 02-839 Skierniewice	33050683910	Banyś	BKD734368
52	Michał	al. Skłodowskiej-Curie 686, 50-895 Starachowice	90020889507	Andryszczyk	VQJ844070
53	Bruno	ulica Działkowa 332, 22-778 Piastów	99103008514	Radke	LEO437315
54	Jędrzej	ulica Parkowa 222, 22-883 Nowy Targ	15251667247	Fal	RPH873502
55	Jerzy	al. Wolności 094, 13-097 Oława	69042447099	Cieniuch	ITK368941
56	Patryk	ulica Bolesława Chrobrego 90/75, 77-430 Jasło	03301689172	Pelka	OVH884369
57	Sebastian	plac Torowa 299, 70-972 Wołomin	09102756189	Waluk	NJK987470
58	Igor	ul. Łanowa 89/82, 16-454 Reda	90091129087	Polakiewicz	MYP914901
59	test	test	11111111111	test	ABC123456
60	Adam	39-100 Ropczyce, ul. Przemysłowa 40	32132132132	Małysz	ABC123445
\.


--
-- TOC entry 3470 (class 0 OID 16627)
-- Dependencies: 229
-- Data for Name: StorageLocation; Type: TABLE DATA; Schema: public; Owner: db_admin
--

COPY public."StorageLocation" (id, "locationNr", "currentMass", "wasteTypeId") FROM stdin;
10	Z07	0	18
20	Z17	0	28
6	Z03	100	14
7	Z04	20	15
8	Z05	5	16
9	Z06	80	17
11	Z08	5	19
12	Z09	10	20
13	Z10	8	21
14	Z11	15	22
15	Z12	150	23
16	Z13	80	24
17	Z14	25	25
18	Z15	5	26
19	Z16	7	27
22	O02	60	30
23	O03	40	31
25	O05	10	33
4	Z01	475	12
5	Z02	90	13
24	O04	30	32
21	O01	20	29
\.


--
-- TOC entry 3460 (class 0 OID 16570)
-- Dependencies: 219
-- Data for Name: User; Type: TABLE DATA; Schema: public; Owner: db_admin
--

COPY public."User" (id, "createdAt", "updatedAt", email, "hashedPassword", "isAdmin") FROM stdin;
1	2025-04-24 20:16:42.516	2025-04-24 20:16:42.516	fff104@o2.pl	$2b$10$/t2k7HU0uAyMJwWiVSowfumS1rtVyUa81HalmWdpuKbpGNzyUbpLm	t
\.


--
-- TOC entry 3462 (class 0 OID 16588)
-- Dependencies: 221
-- Data for Name: Vehicle; Type: TABLE DATA; Schema: public; Owner: db_admin
--

COPY public."Vehicle" (id, vin, status, "receivedAt", "dismantledAt", brand, model, registration_certificate_number, registration_number, weight, year_of_production, price) FROM stdin;
20	RBUAOVTXTUDEXCZYK	RECEIVED_FOR_DISMANTLING	2025-05-08 14:04:51.223	\N	Ford	Fiesta	YJR8712016	JB63112	1344	2006	1443
22	EWYONFGJUQWWPIQHS	RECEIVED_FOR_DISMANTLING	2025-05-08 14:05:04.497	\N	Skoda	Octavia	TYL1852511	PC93418	1277	2000	861
23	TTSKQBLQHUAGUSGTY	RECEIVED_FOR_DISMANTLING	2025-05-08 14:05:11.136	\N	Ford	Fiesta	BQC3867849	GG16031	1361	2006	1057
24	QZEJYZYVXPDHVWNSZ	RECEIVED_FOR_DISMANTLING	2025-05-08 14:05:16.208	\N	Citroen	Xsara	SJW4516367	NW80227	1358	2009	1545
25	OOPBHPRCACFKDARVO	RECEIVED_FOR_DISMANTLING	2025-05-08 14:05:22.152	\N	Fiat	Bravo	FEU2765339	JD89672	1324	2008	679
26	BVOQQDIPNHGSYKHQR	RECEIVED_FOR_DISMANTLING	2025-05-08 14:05:27.278	\N	Renault	Megane	XTA6911953	NW05318	1236	2010	1905
27	QIOCKDJVCPOOCWCSM	RECEIVED_FOR_DISMANTLING	2025-05-08 14:05:31.33	\N	Renault	Clio	MOE3659080	GL83015	1229	2004	1343
28	YKZBPLVRWDVJNCMKX	RECEIVED_FOR_DISMANTLING	2025-05-08 14:05:38.448	\N	Toyota	Yaris	BZL4887196	LR04224	1385	2010	583
29	HFUTAQRHICNUECQEC	RECEIVED_FOR_DISMANTLING	2025-05-08 14:05:43.822	\N	Skoda	Superb	EYR0059697	UR87315	1142	2001	837
30	QZHRURXFFKPYQQYCY	RECEIVED_FOR_DISMANTLING	2025-05-08 14:05:51.334	\N	Volkswagen	Passat	GBQ2770788	EI18994	1082	2010	848
31	LEHMXDDELZZRKWQKZ	RECEIVED_FOR_DISMANTLING	2025-05-08 14:05:55.897	\N	Opel	Astra	YWS9811898	DS77927	1068	2003	1667
32	QBECFEOETXFMZDAPO	RECEIVED_FOR_DISMANTLING	2025-05-08 14:06:01.535	\N	Peugeot	206	ZSM1832023	ER83420	1034	2004	1614
33	UXONWAJIQVNPNCDYV	RECEIVED_FOR_DISMANTLING	2025-05-08 14:06:05.627	\N	Opel	Corsa	PLI8934434	XW19919	1195	2004	1555
34	BACVJLGRPBNOJCGTN	RECEIVED_FOR_DISMANTLING	2025-05-08 14:06:09.632	\N	Citroen	C4	NCI7586683	UT88719	1331	2005	684
35	GTBCTZWPLVNGRCMDU	RECEIVED_FOR_DISMANTLING	2025-05-08 14:06:15.635	\N	Skoda	Superb	HIS3460371	FI95133	1031	2006	850
36	IXPTNJWKLERDVJSLU	RECEIVED_FOR_DISMANTLING	2025-05-08 14:06:20.492	\N	Fiat	Bravo	RUQ4474253	TV65400	1170	2009	863
37	ELWEQBVLPQVZQVMCV	RECEIVED_FOR_DISMANTLING	2025-05-08 14:06:24.156	\N	Seat	Ibiza	CWW0814013	VZ44499	1340	2003	712
38	SSDKTQXKOFFZAVMCV	RECEIVED_FOR_DISMANTLING	2025-05-08 14:06:28.869	\N	Renault	Clio	WFM6824501	SS73566	1338	2000	667
39	EINCPKZMYPRUMAYKM	RECEIVED_FOR_DISMANTLING	2025-05-08 14:06:32.694	\N	Peugeot	406	LWL6743717	FH49414	1258	2010	1618
40	IYFORGNCAEVTAIEJK	RECEIVED_FOR_DISMANTLING	2025-05-08 14:06:36.417	\N	Volkswagen	Golf	AEB5647302	RV47700	1168	2002	1522
41	EFLSQZXZLEGWNBBDU	RECEIVED_FOR_DISMANTLING	2025-05-08 14:06:40.751	\N	Peugeot	406	DCT5911752	GR14811	1316	2006	1282
42	QSZHHTXGMZVAJWGEL	RECEIVED_FOR_DISMANTLING	2025-05-08 14:06:45.014	\N	Renault	Megane	XRS8694465	MQ28201	1365	2007	1836
43	QEBGRGRWKEFREQEKN	RECEIVED_FOR_DISMANTLING	2025-05-08 14:06:48.835	\N	Citroen	Xsara	RYP4875142	EI12605	1331	2008	929
44	MAZHWRZFZKJWYFJHU	RECEIVED_FOR_DISMANTLING	2025-05-08 14:06:53.859	\N	Ford	Mondeo	YEX8093658	SA47522	1103	2006	1286
45	FWAUJVUVMVLTXHVFW	RECEIVED_FOR_DISMANTLING	2025-05-08 14:07:02.774	\N	Renault	Clio	EHT0945927	BY03248	1069	2001	1345
46	NQPRNENPZNMDIREKY	RECEIVED_FOR_DISMANTLING	2025-05-08 14:07:06.911	\N	Volkswagen	Golf	SLE6016719	JN87946	1100	2000	956
47	RIMAWSSBWWOASLSDO	RECEIVED_FOR_DISMANTLING	2025-05-08 14:07:12.993	\N	Opel	Vectra	VAI3609848	EH92267	1167	2007	619
48	XODTYJABPMXFESHJN	RECEIVED_FOR_DISMANTLING	2025-05-08 14:07:42.343	\N	Toyota	Corolla	OCV5718657	RR97241	1268	2010	925
49	KIIPAZDDGZTFRUXPO	RECEIVED_FOR_DISMANTLING	2025-05-08 14:07:49.17	\N	Renault	Megane	EUR4253886	OX65199	1164	2004	1185
50	QNRNXXBGNKFRGVXYD	RECEIVED_FOR_DISMANTLING	2025-05-08 14:07:55.371	\N	Skoda	Octavia	MON0179767	JY71197	1136	2001	1398
51	UUTZFBPPFQHBUWCFI	RECEIVED_FOR_DISMANTLING	2025-05-08 14:08:00.217	\N	Opel	Vectra	HTH8272338	AX68468	1144	2005	1323
52	PLNFQUGPDHOCYSCFH	RECEIVED_FOR_DISMANTLING	2025-05-08 14:08:15.69	\N	Renault	Laguna	ZZD2950006	LL33474	1398	2010	1304
53	WMLYUCCSUGYGQJWPI	RECEIVED_FOR_DISMANTLING	2025-05-08 14:08:26.497	\N	Fiat	Stilo	THJ0883527	MX54377	1325	2009	1879
54	TRGZJJLRVNWGADOZE	RECEIVED_FOR_DISMANTLING	2025-05-08 14:08:30.564	\N	Fiat	Stilo	AMD3696662	EH12695	1137	2008	1529
55	EOFFHNMHNNULLZOPQ	RECEIVED_FOR_DISMANTLING	2025-05-08 14:08:34.718	\N	Renault	Laguna	LBE6300535	CL11167	1382	2004	1162
56	GICSTGWNHNNCUUIDO	RECEIVED_FOR_DISMANTLING	2025-05-08 14:08:47.612	\N	Skoda	Fabia	HNH5750055	KD99372	1368	2008	900
57	BJTABDZGWVZETEVYD	RECEIVED_FOR_DISMANTLING	2025-05-08 14:08:59.566	\N	Toyota	Yaris	MKK7132057	IP14928	1127	2010	1792
58	OPMTOMMKVKBHEPBEK	RECEIVED_FOR_DISMANTLING	2025-05-08 14:09:03.445	\N	Fiat	Stilo	OGU9588765	VW45387	1251	2002	1225
59	KGICSBNBEODMZLKSN	RECEIVED_FOR_DISMANTLING	2025-05-08 14:09:07.075	\N	Renault	Megane	ABC7830204	ZF59120	1348	2009	1980
60	UHIWCUROLQZUKSVZA	RECEIVED_FOR_DISMANTLING	2025-05-08 14:09:10.683	\N	Citroen	Xsara	GYO8235821	HP69266	1271	2002	1361
61	QHKYTCEZWWGWTKLRT	RECEIVED_FOR_DISMANTLING	2025-05-08 14:09:14.364	\N	Seat	Leon	ANN8279396	WT06366	1361	2001	1114
62	string	RECEIVED_FOR_DISMANTLING	2025-05-08 16:45:31.956	\N	string	string	string	string	0	0	0
68	string2	RECEIVED_FOR_DISMANTLING	2025-05-08 16:50:23.615	\N	string2	string2	sttring2	string2	0	0	0
71	32132312323	RECEIVED_FOR_DISMANTLING	2025-05-08 19:46:41.578	\N	tets	test	2313213	23213213	232	2002	321
72	32132132132	RECEIVED_FOR_DISMANTLING	2025-05-08 19:48:57.752	\N	dsadsa	dsa	231321	32132	32	2002	32
73	321321321	RECEIVED_FOR_DISMANTLING	2025-05-15 14:05:32.741	\N	test	test	dsadsa	dsadsa	150	2010	600
18	QYKRHSNXMZYIRFKXI	DISMANTLED	2025-05-08 14:04:41.368	2025-05-19 15:20:24.95	Peugeot	307	FON6689349	ZN84305	1372	2003	1153
17	JKBQAZQXQQRLIJGZL	RECEIVED_FOR_DISMANTLING	2025-05-08 14:04:33.132	\N	Skoda	Fabia	JMN1538056	XZ58150	1089	2008	1752
15	XQIWEIGZMSDEKGUNV	RECEIVED_FOR_DISMANTLING	2025-05-08 14:04:21.788	\N	Ford	Focus	BGR0383571	YL61308	1326	2001	1467
19	EVRVEPGGJJXBYUXTR	RECEIVED_FOR_DISMANTLING	2025-05-08 14:04:46.104	\N	Opel	Vectra	HOA9847120	SM63826	1290	2006	1500
16	BXTTZWHNWSFRADHXE	RECEIVED_FOR_DISMANTLING	2025-05-08 14:04:26.827	\N	Opel	Corsa	TPY2573142	IK23224	1098	2009	512
21	SCOKJEHWVHYXIHIBM	RECEIVED_FOR_DISMANTLING	2025-05-08 14:04:58.071	\N	Citroen	C4	POO7709346	LS74205	1302	2002	1977
14	NWOQMTBGIAEVRLEMJ	RECEIVED_FOR_DISMANTLING	2025-05-08 14:04:12.611	\N	Seat	Toledo	LJH3991344	BH20306	1050	2005	534
74	strin32g	RECEIVED_FOR_DISMANTLING	2025-05-15 14:06:44.686	\N	string	string	stri2ng	strin2g	0	0	0
13	LCQTOBRINZQCLUHPZ	RECEIVED_FOR_DISMANTLING	2025-05-08 14:03:57.287	\N	Volkswagen	Polo	EIX1479248	VM44746	1193	2008	1465
\.


--
-- TOC entry 3466 (class 0 OID 16611)
-- Dependencies: 225
-- Data for Name: WasteEntry; Type: TABLE DATA; Schema: public; Owner: db_admin
--

COPY public."WasteEntry" (id, "vehicleId", "wasteTypeId", weight, "createdAt", "storageLocationId") FROM stdin;
20	18	12	480	2025-05-19 14:47:58.143	4
21	18	13	120	2025-05-19 15:10:09.031	5
22	18	14	100	2025-05-19 15:14:31.556	6
23	18	15	20	2025-05-19 15:14:40.598	7
24	18	16	5	2025-05-19 15:14:49.533	8
25	18	17	80	2025-05-19 15:14:56.677	9
26	18	19	5	2025-05-19 15:15:07.882	11
27	18	20	10	2025-05-19 15:15:13.983	12
28	18	21	8	2025-05-19 15:15:19.713	13
29	18	22	15	2025-05-19 15:15:30.867	14
30	18	23	150	2025-05-19 15:15:42.309	15
31	18	24	80	2025-05-19 15:15:51.779	16
32	18	25	25	2025-05-19 15:16:01.417	17
33	18	26	5	2025-05-19 15:16:06.889	18
34	18	27	7	2025-05-19 15:16:14.025	19
35	18	29	30	2025-05-19 15:16:22.733	21
36	18	30	60	2025-05-19 15:16:30.569	22
37	18	31	40	2025-05-19 15:16:35.494	23
38	18	32	40	2025-05-19 15:16:43.077	24
39	18	33	10	2025-05-19 15:16:53.469	25
\.


--
-- TOC entry 3475 (class 0 OID 16720)
-- Dependencies: 234
-- Data for Name: WasteTransaction; Type: TABLE DATA; Schema: public; Owner: db_admin
--

COPY public."WasteTransaction" (id, weight, "transactionDate", "wasteTypeId", "storageLocationId", "totalPrice") FROM stdin;
1	5	2025-05-19 17:50:30.091	12	4	6.5
2	10	2025-05-19 19:02:21.951	13	5	8
3	10	2025-05-19 19:02:48.544	13	5	8
4	10	2025-05-19 19:04:44.806	13	5	7
5	10	2025-05-19 19:10:07.857	32	24	-10
6	10	2025-05-21 11:52:08.658	29	21	-30
\.


--
-- TOC entry 3468 (class 0 OID 16618)
-- Dependencies: 227
-- Data for Name: WasteType; Type: TABLE DATA; Schema: public; Owner: db_admin
--

COPY public."WasteType" (id, name, "pricePerKg") FROM stdin;
12	Stal gruba	0.75
13	Stal cienka	0.65
14	Aluminium	4
15	Miedź (przewody)	26
16	Mosiądz	17
17	Żeliwo	0.8
18	Ołów (akumulatory)\t	1.5
19	Cynk	5
20	Rozrusznik	4.2
21	Alternator	5.8
22	Silnik elektryczny\t	3.5
23	Silnik spalinowy\t	1.6
24	Skrzynia biegów\t	1.7
25	Felgi aluminiowe\t	7.4
26	Katalizator	160
27	Chłodnica aluminiowa\t	0.5
28	Chłodnica miedziana\t	3.3
29	Szyby samochodowe\t	-0.4
30	Plastikowe elementy wnętrza\t	-0.8
31	Tapicerka, materiały tekstylne\t	-1
32	Opony	-1.5
33	Płyny eksploatacyjne\t	-2
\.


--
-- TOC entry 3473 (class 0 OID 16683)
-- Dependencies: 232
-- Data for Name: _OwnerToVehicle; Type: TABLE DATA; Schema: public; Owner: db_admin
--

COPY public."_OwnerToVehicle" ("A", "B") FROM stdin;
14	13
15	14
16	15
14	16
16	16
17	17
15	18
18	19
19	19
20	20
21	20
22	21
23	21
24	22
25	22
24	23
19	23
21	24
15	25
26	26
27	27
14	28
28	29
29	29
30	30
31	30
32	31
21	32
16	32
21	33
33	34
34	34
35	35
36	35
16	36
14	37
16	37
37	38
38	38
39	39
40	40
39	41
41	42
42	43
43	44
44	44
16	45
15	46
24	46
45	47
46	47
47	48
15	49
20	49
27	50
15	50
48	51
49	51
39	52
46	53
14	53
50	54
51	54
52	55
53	55
15	56
23	56
54	57
55	58
56	59
57	60
58	61
59	62
14	68
15	68
18	71
18	72
14	73
14	74
\.


--
-- TOC entry 3458 (class 0 OID 16560)
-- Dependencies: 217
-- Data for Name: _prisma_migrations; Type: TABLE DATA; Schema: public; Owner: db_admin
--

COPY public._prisma_migrations (id, checksum, finished_at, migration_name, logs, rolled_back_at, started_at, applied_steps_count) FROM stdin;
81056ada-112f-4a23-a70d-e89c70e528cc	01b72e4655c2f907f60765b39046c9b7cd2e529a20b80fb787297026f0303aa4	2025-04-24 20:16:04.497889+00	20250320170740_init	\N	\N	2025-04-24 20:16:04.488733+00	1
13062b76-6c5b-456d-87bc-d1ce8a8cd208	d69cbc5de34a659aec28053beb608daa759804add69224fc328ee4c213f51ffc	2025-04-24 20:16:04.649025+00	20250423213113_add_price_to_vehicle	\N	\N	2025-04-24 20:16:04.641665+00	1
07b10353-42e6-47ec-8bf1-a5fca62dc99d	681f6b1dd5d632ecf7deb67e2cac4cb17dcc5b2c2a65f9073b2352c04fd79b12	2025-04-24 20:16:04.512271+00	20250320204921_demo_version_of_models	\N	\N	2025-04-24 20:16:04.499815+00	1
6a671652-7e2c-4949-a333-57bd5ba4bace	853304eabb5d7441a568690723e0421790e5e6559b8b6a22be7bbba8e9f69028	2025-04-24 20:16:04.522165+00	20250321174129_update_owner	\N	\N	2025-04-24 20:16:04.514427+00	1
40dfad20-3cc6-42b7-8522-3f8cb4d8511a	55a4c46c46c7320aa307b1d0c007efb2e63b533a346df80d2a0426b9b8003e96	2025-04-24 20:16:04.531526+00	20250321174911_update_owner	\N	\N	2025-04-24 20:16:04.52413+00	1
f08b35fe-ebc0-4a5e-9360-d94451c95a6f	0a2b4531814f8beacfc663d55991d73b48b3c71a2774b4f4e67489340c860218	2025-04-24 20:16:04.54088+00	20250321175424_make	\N	\N	2025-04-24 20:16:04.533426+00	1
fe76c452-fad9-4572-930b-a97f2a0c75e2	3312ab5724b35258e34e0b84a783da346cc02e2a1dff495d5d75ffcc9fa8edae	2025-04-24 20:16:04.560991+00	20250321184933_update	\N	\N	2025-04-24 20:16:04.552235+00	1
cfa1c2df-0046-460a-847b-5b46d26ab953	2fd0bdaceb4386a4df6f7521e658c25ece9b7b8b306b2b1c9c92c49011d2fea5	2025-04-24 20:16:04.572932+00	20250321190641_update	\N	\N	2025-04-24 20:16:04.563132+00	1
1c23d4cb-c983-4541-b8b4-a69dbd432428	863a58a38df8adaf78d5c4cef4b12a2dac206737995ebbd70e8af6171df20adc	2025-04-24 20:16:04.585714+00	20250321210222_refactor_schema	\N	\N	2025-04-24 20:16:04.575278+00	1
aa371753-4262-49bd-ace8-799d2f92490d	c2371a073bb6857811ef55071dde4b9b06f91503c35c5a1857345102634b61ef	2025-04-24 20:16:04.598402+00	20250321220128_add_some_attributes	\N	\N	2025-04-24 20:16:04.590327+00	1
7edb5ba4-a519-4d0e-a5c7-463454a0f2e7	65ea671efe0781b036ab90bcdbda5997a496f9720b6f4778631c14bb60a84ded	2025-04-24 20:16:04.608725+00	20250409175546_waste_type_could_be_in_many_storage_location	\N	\N	2025-04-24 20:16:04.600673+00	1
3d83d131-eb61-45ae-bb77-a25a40fe7cf6	105ad2bcc82964b7079f29b68adb6b083f5c3912429a2989c7ee8648e21021da	2025-04-24 20:16:04.619403+00	20250409194042_add_waste_transaction	\N	\N	2025-04-24 20:16:04.610725+00	1
c3a5e72a-1f9f-489b-a995-cb6a3dbb9934	c82b5b146e451b06e9a3d922a2fc57d7ad7cc4ee58b90e647b561eb36914d6b2	2025-04-24 20:16:04.629416+00	20250423203559_waste_transaction_add_total_price	\N	\N	2025-04-24 20:16:04.621897+00	1
64c5979d-ef77-4fe2-ac30-3cfcce3e25d1	f5a59b9846fbedf2a90f31be14bb0976145bbdeefea698a28807df289c297bd6	2025-04-24 20:16:04.639546+00	20250423205944_add_generated_at_to_dismantling_certificate	\N	\N	2025-04-24 20:16:04.631433+00	1
\.


--
-- TOC entry 3489 (class 0 OID 0)
-- Dependencies: 230
-- Name: DismantlingCertificate_id_seq; Type: SEQUENCE SET; Schema: public; Owner: db_admin
--

SELECT pg_catalog.setval('public."DismantlingCertificate_id_seq"', 1, false);


--
-- TOC entry 3490 (class 0 OID 0)
-- Dependencies: 222
-- Name: Owner_id_seq; Type: SEQUENCE SET; Schema: public; Owner: db_admin
--

SELECT pg_catalog.setval('public."Owner_id_seq"', 60, true);


--
-- TOC entry 3491 (class 0 OID 0)
-- Dependencies: 228
-- Name: StorageLocation_id_seq; Type: SEQUENCE SET; Schema: public; Owner: db_admin
--

SELECT pg_catalog.setval('public."StorageLocation_id_seq"', 25, true);


--
-- TOC entry 3492 (class 0 OID 0)
-- Dependencies: 218
-- Name: User_id_seq; Type: SEQUENCE SET; Schema: public; Owner: db_admin
--

SELECT pg_catalog.setval('public."User_id_seq"', 1, true);


--
-- TOC entry 3493 (class 0 OID 0)
-- Dependencies: 220
-- Name: Vehicle_id_seq; Type: SEQUENCE SET; Schema: public; Owner: db_admin
--

SELECT pg_catalog.setval('public."Vehicle_id_seq"', 74, true);


--
-- TOC entry 3494 (class 0 OID 0)
-- Dependencies: 224
-- Name: WasteEntry_id_seq; Type: SEQUENCE SET; Schema: public; Owner: db_admin
--

SELECT pg_catalog.setval('public."WasteEntry_id_seq"', 39, true);


--
-- TOC entry 3495 (class 0 OID 0)
-- Dependencies: 233
-- Name: WasteTransaction_id_seq; Type: SEQUENCE SET; Schema: public; Owner: db_admin
--

SELECT pg_catalog.setval('public."WasteTransaction_id_seq"', 6, true);


--
-- TOC entry 3496 (class 0 OID 0)
-- Dependencies: 226
-- Name: WasteType_id_seq; Type: SEQUENCE SET; Schema: public; Owner: db_admin
--

SELECT pg_catalog.setval('public."WasteType_id_seq"', 33, true);


--
-- TOC entry 3297 (class 2606 OID 16682)
-- Name: DismantlingCertificate DismantlingCertificate_pkey; Type: CONSTRAINT; Schema: public; Owner: db_admin
--

ALTER TABLE ONLY public."DismantlingCertificate"
    ADD CONSTRAINT "DismantlingCertificate_pkey" PRIMARY KEY (id);


--
-- TOC entry 3286 (class 2606 OID 16604)
-- Name: Owner Owner_pkey; Type: CONSTRAINT; Schema: public; Owner: db_admin
--

ALTER TABLE ONLY public."Owner"
    ADD CONSTRAINT "Owner_pkey" PRIMARY KEY (id);


--
-- TOC entry 3294 (class 2606 OID 16634)
-- Name: StorageLocation StorageLocation_pkey; Type: CONSTRAINT; Schema: public; Owner: db_admin
--

ALTER TABLE ONLY public."StorageLocation"
    ADD CONSTRAINT "StorageLocation_pkey" PRIMARY KEY (id);


--
-- TOC entry 3277 (class 2606 OID 16579)
-- Name: User User_pkey; Type: CONSTRAINT; Schema: public; Owner: db_admin
--

ALTER TABLE ONLY public."User"
    ADD CONSTRAINT "User_pkey" PRIMARY KEY (id);


--
-- TOC entry 3279 (class 2606 OID 16595)
-- Name: Vehicle Vehicle_pkey; Type: CONSTRAINT; Schema: public; Owner: db_admin
--

ALTER TABLE ONLY public."Vehicle"
    ADD CONSTRAINT "Vehicle_pkey" PRIMARY KEY (id);


--
-- TOC entry 3288 (class 2606 OID 16616)
-- Name: WasteEntry WasteEntry_pkey; Type: CONSTRAINT; Schema: public; Owner: db_admin
--

ALTER TABLE ONLY public."WasteEntry"
    ADD CONSTRAINT "WasteEntry_pkey" PRIMARY KEY (id);


--
-- TOC entry 3303 (class 2606 OID 16726)
-- Name: WasteTransaction WasteTransaction_pkey; Type: CONSTRAINT; Schema: public; Owner: db_admin
--

ALTER TABLE ONLY public."WasteTransaction"
    ADD CONSTRAINT "WasteTransaction_pkey" PRIMARY KEY (id);


--
-- TOC entry 3291 (class 2606 OID 16625)
-- Name: WasteType WasteType_pkey; Type: CONSTRAINT; Schema: public; Owner: db_admin
--

ALTER TABLE ONLY public."WasteType"
    ADD CONSTRAINT "WasteType_pkey" PRIMARY KEY (id);


--
-- TOC entry 3300 (class 2606 OID 16687)
-- Name: _OwnerToVehicle _OwnerToVehicle_AB_pkey; Type: CONSTRAINT; Schema: public; Owner: db_admin
--

ALTER TABLE ONLY public."_OwnerToVehicle"
    ADD CONSTRAINT "_OwnerToVehicle_AB_pkey" PRIMARY KEY ("A", "B");


--
-- TOC entry 3274 (class 2606 OID 16568)
-- Name: _prisma_migrations _prisma_migrations_pkey; Type: CONSTRAINT; Schema: public; Owner: db_admin
--

ALTER TABLE ONLY public._prisma_migrations
    ADD CONSTRAINT _prisma_migrations_pkey PRIMARY KEY (id);


--
-- TOC entry 3295 (class 1259 OID 16712)
-- Name: DismantlingCertificate_certificateNumber_key; Type: INDEX; Schema: public; Owner: db_admin
--

CREATE UNIQUE INDEX "DismantlingCertificate_certificateNumber_key" ON public."DismantlingCertificate" USING btree ("certificateNumber");


--
-- TOC entry 3298 (class 1259 OID 16688)
-- Name: DismantlingCertificate_vehicleId_key; Type: INDEX; Schema: public; Owner: db_admin
--

CREATE UNIQUE INDEX "DismantlingCertificate_vehicleId_key" ON public."DismantlingCertificate" USING btree ("vehicleId");


--
-- TOC entry 3283 (class 1259 OID 16666)
-- Name: Owner_id_number_key; Type: INDEX; Schema: public; Owner: db_admin
--

CREATE UNIQUE INDEX "Owner_id_number_key" ON public."Owner" USING btree (id_number);


--
-- TOC entry 3284 (class 1259 OID 16665)
-- Name: Owner_pesel_key; Type: INDEX; Schema: public; Owner: db_admin
--

CREATE UNIQUE INDEX "Owner_pesel_key" ON public."Owner" USING btree (pesel);


--
-- TOC entry 3292 (class 1259 OID 16639)
-- Name: StorageLocation_locationNr_key; Type: INDEX; Schema: public; Owner: db_admin
--

CREATE UNIQUE INDEX "StorageLocation_locationNr_key" ON public."StorageLocation" USING btree ("locationNr");


--
-- TOC entry 3275 (class 1259 OID 16580)
-- Name: User_email_key; Type: INDEX; Schema: public; Owner: db_admin
--

CREATE UNIQUE INDEX "User_email_key" ON public."User" USING btree (email);


--
-- TOC entry 3280 (class 1259 OID 16713)
-- Name: Vehicle_registration_certificate_number_key; Type: INDEX; Schema: public; Owner: db_admin
--

CREATE UNIQUE INDEX "Vehicle_registration_certificate_number_key" ON public."Vehicle" USING btree (registration_certificate_number);


--
-- TOC entry 3281 (class 1259 OID 16668)
-- Name: Vehicle_registration_number_key; Type: INDEX; Schema: public; Owner: db_admin
--

CREATE UNIQUE INDEX "Vehicle_registration_number_key" ON public."Vehicle" USING btree (registration_number);


--
-- TOC entry 3282 (class 1259 OID 16635)
-- Name: Vehicle_vin_key; Type: INDEX; Schema: public; Owner: db_admin
--

CREATE UNIQUE INDEX "Vehicle_vin_key" ON public."Vehicle" USING btree (vin);


--
-- TOC entry 3289 (class 1259 OID 16637)
-- Name: WasteType_name_key; Type: INDEX; Schema: public; Owner: db_admin
--

CREATE UNIQUE INDEX "WasteType_name_key" ON public."WasteType" USING btree (name);


--
-- TOC entry 3301 (class 1259 OID 16689)
-- Name: _OwnerToVehicle_B_index; Type: INDEX; Schema: public; Owner: db_admin
--

CREATE INDEX "_OwnerToVehicle_B_index" ON public."_OwnerToVehicle" USING btree ("B");


--
-- TOC entry 3308 (class 2606 OID 16690)
-- Name: DismantlingCertificate DismantlingCertificate_vehicleId_fkey; Type: FK CONSTRAINT; Schema: public; Owner: db_admin
--

ALTER TABLE ONLY public."DismantlingCertificate"
    ADD CONSTRAINT "DismantlingCertificate_vehicleId_fkey" FOREIGN KEY ("vehicleId") REFERENCES public."Vehicle"(id) ON UPDATE CASCADE ON DELETE RESTRICT;


--
-- TOC entry 3307 (class 2606 OID 16695)
-- Name: StorageLocation StorageLocation_wasteTypeId_fkey; Type: FK CONSTRAINT; Schema: public; Owner: db_admin
--

ALTER TABLE ONLY public."StorageLocation"
    ADD CONSTRAINT "StorageLocation_wasteTypeId_fkey" FOREIGN KEY ("wasteTypeId") REFERENCES public."WasteType"(id) ON UPDATE CASCADE ON DELETE RESTRICT;


--
-- TOC entry 3304 (class 2606 OID 16714)
-- Name: WasteEntry WasteEntry_storageLocationId_fkey; Type: FK CONSTRAINT; Schema: public; Owner: db_admin
--

ALTER TABLE ONLY public."WasteEntry"
    ADD CONSTRAINT "WasteEntry_storageLocationId_fkey" FOREIGN KEY ("storageLocationId") REFERENCES public."StorageLocation"(id) ON UPDATE CASCADE ON DELETE RESTRICT;


--
-- TOC entry 3305 (class 2606 OID 16650)
-- Name: WasteEntry WasteEntry_vehicleId_fkey; Type: FK CONSTRAINT; Schema: public; Owner: db_admin
--

ALTER TABLE ONLY public."WasteEntry"
    ADD CONSTRAINT "WasteEntry_vehicleId_fkey" FOREIGN KEY ("vehicleId") REFERENCES public."Vehicle"(id) ON UPDATE CASCADE ON DELETE RESTRICT;


--
-- TOC entry 3306 (class 2606 OID 16655)
-- Name: WasteEntry WasteEntry_wasteTypeId_fkey; Type: FK CONSTRAINT; Schema: public; Owner: db_admin
--

ALTER TABLE ONLY public."WasteEntry"
    ADD CONSTRAINT "WasteEntry_wasteTypeId_fkey" FOREIGN KEY ("wasteTypeId") REFERENCES public."WasteType"(id) ON UPDATE CASCADE ON DELETE RESTRICT;


--
-- TOC entry 3311 (class 2606 OID 16732)
-- Name: WasteTransaction WasteTransaction_storageLocationId_fkey; Type: FK CONSTRAINT; Schema: public; Owner: db_admin
--

ALTER TABLE ONLY public."WasteTransaction"
    ADD CONSTRAINT "WasteTransaction_storageLocationId_fkey" FOREIGN KEY ("storageLocationId") REFERENCES public."StorageLocation"(id) ON UPDATE CASCADE ON DELETE RESTRICT;


--
-- TOC entry 3312 (class 2606 OID 16727)
-- Name: WasteTransaction WasteTransaction_wasteTypeId_fkey; Type: FK CONSTRAINT; Schema: public; Owner: db_admin
--

ALTER TABLE ONLY public."WasteTransaction"
    ADD CONSTRAINT "WasteTransaction_wasteTypeId_fkey" FOREIGN KEY ("wasteTypeId") REFERENCES public."WasteType"(id) ON UPDATE CASCADE ON DELETE RESTRICT;


--
-- TOC entry 3309 (class 2606 OID 16700)
-- Name: _OwnerToVehicle _OwnerToVehicle_A_fkey; Type: FK CONSTRAINT; Schema: public; Owner: db_admin
--

ALTER TABLE ONLY public."_OwnerToVehicle"
    ADD CONSTRAINT "_OwnerToVehicle_A_fkey" FOREIGN KEY ("A") REFERENCES public."Owner"(id) ON UPDATE CASCADE ON DELETE CASCADE;


--
-- TOC entry 3310 (class 2606 OID 16705)
-- Name: _OwnerToVehicle _OwnerToVehicle_B_fkey; Type: FK CONSTRAINT; Schema: public; Owner: db_admin
--

ALTER TABLE ONLY public."_OwnerToVehicle"
    ADD CONSTRAINT "_OwnerToVehicle_B_fkey" FOREIGN KEY ("B") REFERENCES public."Vehicle"(id) ON UPDATE CASCADE ON DELETE CASCADE;


-- Completed on 2025-05-27 20:51:13 UTC

--
-- PostgreSQL database dump complete
--

